language,run_number,runtime_seconds,memory_mb,timestamp
Python,1,47.38535833358765,107.53125,2024-12-29_08-26-10
Python,2,43.93321990966797,106.76171875,2024-12-29_08-26-10
Python,3,43.706294298172,108.79296875,2024-12-29_08-26-10
Python,4,44.00928092002869,105.94140625,2024-12-29_08-26-10
Python,5,43.91258692741394,106.20703125,2024-12-29_08-26-10
Python,6,79.36677622795105,109.15625,2024-12-29_08-26-10
Python,7,69.6071674823761,108.99609375,2024-12-29_08-26-10
Python,8,61.63725543022156,109.5234375,2024-12-29_08-26-10
Python,9,68.16260004043579,108.84375,2024-12-29_08-26-10
Python,10,62.78768277168274,107.7890625,2024-12-29_08-26-10
Python,11,69.83088541030884,108.265625,2024-12-29_08-26-10
Python,12,74.7233989238739,106.7265625,2024-12-29_08-26-10
Python,13,76.74594521522522,108.16015625,2024-12-29_08-26-10
Python,14,84.24723100662231,107.87890625,2024-12-29_08-26-10
Python,15,48.34832572937012,107.0,2024-12-29_08-26-10
Python,16,68.69144797325134,107.28125,2024-12-29_08-26-10
Python,17,54.87563705444336,107.203125,2024-12-29_08-26-10
Python,18,43.51971793174744,108.7421875,2024-12-29_08-26-10
Python,19,46.79614043235779,106.9296875,2024-12-29_08-26-10
Python,20,44.72035002708435,109.46484375,2024-12-29_08-26-10
Python,21,42.40652847290039,108.4140625,2024-12-29_08-26-10
Python,22,42.5100462436676,107.70703125,2024-12-29_08-26-10
Python,23,45.043673276901245,106.13671875,2024-12-29_08-26-10
Python,24,41.9912109375,106.3203125,2024-12-29_08-26-10
Python,25,42.81707429885864,108.0625,2024-12-29_08-26-10
Python,26,42.09812879562378,109.72265625,2024-12-29_08-26-10
Python,27,42.00573492050171,109.31640625,2024-12-29_08-26-10
Python,28,42.610522985458374,109.046875,2024-12-29_08-26-10
Python,29,44.14621186256409,106.89453125,2024-12-29_08-26-10
Python,30,41.997395515441895,106.94140625,2024-12-29_08-26-10
Python,31,44.325220346450806,106.015625,2024-12-29_08-26-10
Python,32,44.340593338012695,106.8046875,2024-12-29_08-26-10
Python,33,43.911860704422,106.9765625,2024-12-29_08-26-10
Python,34,41.88315176963806,106.921875,2024-12-29_08-26-10
Python,35,42.007747411727905,106.44140625,2024-12-29_08-26-10
Python,36,44.72212624549866,107.19921875,2024-12-29_08-26-10
Python,37,44.33672022819519,106.640625,2024-12-29_08-26-10
Python,38,44.31470489501953,109.42578125,2024-12-29_08-26-10
Python,39,44.14365100860596,107.17578125,2024-12-29_08-26-10
Python,40,43.82487440109253,109.40234375,2024-12-29_08-26-10
Python,41,42.00001645088196,109.65625,2024-12-29_08-26-10
Python,42,44.11790490150452,107.8984375,2024-12-29_08-26-10
Python,43,42.49944186210632,107.3671875,2024-12-29_08-26-10
Python,44,43.39584422111511,108.88671875,2024-12-29_08-26-10
Python,45,42.09393501281738,106.9609375,2024-12-29_08-26-10
Python,46,41.68131637573242,107.33984375,2024-12-29_08-26-10
Python,47,42.41627049446106,108.703125,2024-12-29_08-26-10
Python,48,44.13150405883789,106.79296875,2024-12-29_08-26-10
Python,49,44.439090728759766,109.8828125,2024-12-29_08-26-10
Python,50,42.908528327941895,109.10546875,2024-12-29_08-26-10
Python,51,44.113818883895874,106.828125,2024-12-29_08-26-10
Python,52,44.64806246757507,108.55859375,2024-12-29_08-26-10
Python,53,44.55376052856445,108.3671875,2024-12-29_08-26-10
Python,54,42.605955600738525,107.02734375,2024-12-29_08-26-10
Python,55,43.71474242210388,110.48046875,2024-12-29_08-26-10
Python,56,43.91970109939575,105.9765625,2024-12-29_08-26-10
Python,57,43.43873476982117,106.96484375,2024-12-29_08-26-10
Python,58,43.79512691497803,109.2890625,2024-12-29_08-26-10
Python,59,44.021589517593384,106.1328125,2024-12-29_08-26-10
Python,60,42.30113172531128,107.765625,2024-12-29_08-26-10
Python,61,44.02804684638977,109.984375,2024-12-29_08-26-10
Python,62,44.42383337020874,108.3984375,2024-12-29_08-26-10
Python,63,44.027825355529785,107.3359375,2024-12-29_08-26-10
Python,64,43.414652824401855,106.6640625,2024-12-29_08-26-10
Python,65,44.95534873008728,107.4296875,2024-12-29_08-26-10
Python,66,44.32343769073486,106.83203125,2024-12-29_08-26-10
Python,67,44.0273814201355,107.0859375,2024-12-29_08-26-10
Python,68,46.39501452445984,107.43359375,2024-12-29_08-26-10
Python,69,45.03820276260376,108.484375,2024-12-29_08-26-10
Python,70,41.800525188446045,106.7734375,2024-12-29_08-26-10
Python,71,43.526779890060425,109.640625,2024-12-29_08-26-10
Python,72,43.93720030784607,106.2734375,2024-12-29_08-26-10
Python,73,41.9052517414093,106.23828125,2024-12-29_08-26-10
Python,74,42.20289921760559,106.16015625,2024-12-29_08-26-10
Python,75,44.73944616317749,106.72265625,2024-12-29_08-26-10
Python,76,42.41636872291565,106.13671875,2024-12-29_08-26-10
Python,77,42.10109353065491,107.0078125,2024-12-29_08-26-10
Python,78,44.520485639572144,109.171875,2024-12-29_08-26-10
Python,79,44.522199630737305,107.87890625,2024-12-29_08-26-10
Python,80,42.81671166419983,105.9140625,2024-12-29_08-26-10
Python,81,42.709797859191895,109.8515625,2024-12-29_08-26-10
Python,82,42.003252029418945,106.76171875,2024-12-29_08-26-10
Python,83,42.104063510894775,108.92578125,2024-12-29_08-26-10
Python,84,42.017428398132324,109.45703125,2024-12-29_08-26-10
Python,85,44.364842891693115,107.7421875,2024-12-29_08-26-10
Python,86,44.42398953437805,107.69921875,2024-12-29_08-26-10
Python,87,43.803884744644165,106.65625,2024-12-29_08-26-10
Python,88,43.82740902900696,108.015625,2024-12-29_08-26-10
Python,89,42.20607662200928,109.4921875,2024-12-29_08-26-10
Python,90,42.131742000579834,107.1328125,2024-12-29_08-26-10
Python,91,42.10544204711914,106.86328125,2024-12-29_08-26-10
Python,92,45.137813329696655,105.98046875,2024-12-29_08-26-10
Python,93,41.89961338043213,109.4375,2024-12-29_08-26-10
Python,94,43.83541703224182,107.86328125,2024-12-29_08-26-10
Python,95,41.67781925201416,109.3046875,2024-12-29_08-26-10
Python,96,42.319021701812744,109.21484375,2024-12-29_08-26-10
Python,97,44.43791151046753,109.2734375,2024-12-29_08-26-10
Python,98,44.02352023124695,106.71484375,2024-12-29_08-26-10
Python,99,44.459091901779175,109.921875,2024-12-29_08-26-10
Python,100,47.62657594680786,106.6484375,2024-12-29_08-26-10
Python,101,42.40530347824097,106.6875,2024-12-29_08-26-10
Python,102,42.39412832260132,106.875,2024-12-29_08-26-10
Python,103,42.188273191452026,106.921875,2024-12-29_08-26-10
Python,104,42.102044105529785,108.1328125,2024-12-29_08-26-10
Python,105,42.60359287261963,107.1484375,2024-12-29_08-26-10
Python,106,44.232845306396484,106.93359375,2024-12-29_08-26-10
Python,107,42.19790434837341,108.0078125,2024-12-29_08-26-10
Python,108,41.91061186790466,106.8125,2024-12-29_08-26-10
Python,109,42.00686454772949,106.98046875,2024-12-29_08-26-10
Python,110,44.03689098358154,108.6640625,2024-12-29_08-26-10
Python,111,44.8461172580719,107.82421875,2024-12-29_08-26-10
Python,112,41.79814291000366,109.94140625,2024-12-29_08-26-10
Python,113,43.21770238876343,106.05859375,2024-12-29_08-26-10
Python,114,44.044004678726196,109.35546875,2024-12-29_08-26-10
Python,115,42.200316190719604,106.375,2024-12-29_08-26-10
Python,116,42.30063056945801,106.7734375,2024-12-29_08-26-10
Python,117,42.10783910751343,108.76171875,2024-12-29_08-26-10
Python,118,42.09117889404297,108.8046875,2024-12-29_08-26-10
Python,119,42.08034706115723,106.82421875,2024-12-29_08-26-10
Python,120,44.013261795043945,106.80078125,2024-12-29_08-26-10
Python,121,42.21868085861206,108.84375,2024-12-29_08-26-10
Python,122,43.923197746276855,107.625,2024-12-29_08-26-10
Python,123,42.50401496887207,106.5859375,2024-12-29_08-26-10
Python,124,43.9273796081543,106.68359375,2024-12-29_08-26-10
Python,125,42.51763653755188,108.7265625,2024-12-29_08-26-10
Python,126,44.11998176574707,107.52734375,2024-12-29_08-26-10
Python,127,42.610498905181885,109.53515625,2024-12-29_08-26-10
Python,128,44.65434169769287,106.64453125,2024-12-29_08-26-10
Python,129,44.32300114631653,107.1796875,2024-12-29_08-26-10
Python,130,44.119523763656616,108.40234375,2024-12-29_08-26-10
Python,131,43.018373012542725,107.0,2024-12-29_08-26-10
Python,132,44.039562463760376,106.49609375,2024-12-29_08-26-10
Python,133,42.31485891342163,109.37109375,2024-12-29_08-26-10
Python,134,42.4261679649353,106.80078125,2024-12-29_08-26-10
Python,135,41.80410432815552,107.8671875,2024-12-29_08-26-10
Python,136,42.20733308792114,109.40625,2024-12-29_08-26-10
Python,137,42.028043270111084,109.453125,2024-12-29_08-26-10
Python,138,43.62527585029602,106.21875,2024-12-29_08-26-10
Python,139,44.62661099433899,106.734375,2024-12-29_08-26-10
Python,140,42.61787438392639,107.00390625,2024-12-29_08-26-10
Python,141,45.158270597457886,107.83203125,2024-12-29_08-26-10
Python,142,42.00368857383728,106.08984375,2024-12-29_08-26-10
Python,143,44.640849351882935,108.27734375,2024-12-29_08-26-10
Python,144,44.93953561782837,108.30859375,2024-12-29_08-26-10
Python,145,42.50413107872009,106.80859375,2024-12-29_08-26-10
Python,146,44.79243731498718,107.66015625,2024-12-29_08-26-10
Python,147,45.77396321296692,107.19140625,2024-12-29_08-26-10
Python,148,44.63400340080261,108.4296875,2024-12-29_08-26-10
Python,149,44.53114938735962,108.91015625,2024-12-29_08-26-10
Python,150,41.998656034469604,107.9921875,2024-12-29_08-26-10
Python,151,44.33385968208313,106.71875,2024-12-29_08-26-10
Python,152,44.72459888458252,109.046875,2024-12-29_08-26-10
Python,153,45.03846025466919,106.03125,2024-12-29_08-26-10
Python,154,43.72663855552673,106.10546875,2024-12-29_08-26-10
Python,155,43.83936309814453,107.14453125,2024-12-29_08-26-10
Python,156,44.31968092918396,106.5703125,2024-12-29_08-26-10
Python,157,43.80783653259277,106.875,2024-12-29_08-26-10
Python,158,42.019463777542114,108.64453125,2024-12-29_08-26-10
Python,159,44.631202697753906,107.1875,2024-12-29_08-26-10
Python,160,44.42629289627075,108.296875,2024-12-29_08-26-10
Python,161,44.213237285614014,106.36328125,2024-12-29_08-26-10
Python,162,43.51852893829346,108.0,2024-12-29_08-26-10
Python,163,44.00768256187439,110.53515625,2024-12-29_08-26-10
Python,164,41.79461884498596,106.703125,2024-12-29_08-26-10
Python,165,43.914886474609375,109.88671875,2024-12-29_08-26-10
Python,166,44.099215030670166,107.54296875,2024-12-29_08-26-10
Python,167,44.34401750564575,106.3046875,2024-12-29_08-26-10
Python,168,44.01649785041809,109.24609375,2024-12-29_08-26-10
Python,169,43.74685263633728,107.03125,2024-12-29_08-26-10
Python,170,43.22665238380432,107.40234375,2024-12-29_08-26-10
Python,171,43.81127905845642,106.91015625,2024-12-29_08-26-10
Python,172,42.499584436416626,107.76171875,2024-12-29_08-26-10
Python,173,44.95828366279602,108.0546875,2024-12-29_08-26-10
Python,174,44.12261724472046,109.2734375,2024-12-29_08-26-10
Python,175,44.036160469055176,107.8125,2024-12-29_08-26-10
Python,176,44.00377416610718,108.33203125,2024-12-29_08-26-10
Python,177,44.02632474899292,109.0546875,2024-12-29_08-26-10
Python,178,44.32199478149414,108.03125,2024-12-29_08-26-10
Python,179,44.32715463638306,108.4375,2024-12-29_08-26-10
Python,180,43.10446333885193,110.2734375,2024-12-29_08-26-10
Python,181,42.50885891914368,107.5,2024-12-29_08-26-10
Python,182,42.100208044052124,106.734375,2024-12-29_08-26-10
Python,183,44.726747035980225,109.7578125,2024-12-29_08-26-10
Python,184,43.812812089920044,108.59765625,2024-12-29_08-26-10
Python,185,43.950448751449585,105.7734375,2024-12-29_08-26-10
Python,186,43.200692653656006,106.79296875,2024-12-29_08-26-10
Python,187,43.71690368652344,108.52734375,2024-12-29_08-26-10
Python,188,43.80795073509216,109.73046875,2024-12-29_08-26-10
Python,189,43.90084505081177,109.03515625,2024-12-29_08-26-10
Python,190,44.22266435623169,108.640625,2024-12-29_08-26-10
Python,191,42.19669580459595,106.1484375,2024-12-29_08-26-10
Python,192,44.1279673576355,106.7734375,2024-12-29_08-26-10
Python,193,42.03108215332031,107.07421875,2024-12-29_08-26-10
Python,194,44.245169162750244,106.31640625,2024-12-29_08-26-10
Python,195,42.31420636177063,107.296875,2024-12-29_08-26-10
Python,196,43.511664628982544,107.7734375,2024-12-29_08-26-10
Python,197,42.10728454589844,107.07421875,2024-12-29_08-26-10
Python,198,44.140140771865845,108.984375,2024-12-29_08-26-10
Python,199,43.8328070640564,109.24609375,2024-12-29_08-26-10
Python,200,43.920366048812866,107.18359375,2024-12-29_08-26-10
Julia,1,29.86016607284546,513.07421875,2024-12-29_08-26-10
Julia,2,29.557372570037842,510.8359375,2024-12-29_08-26-10
Julia,3,29.861061573028564,513.4296875,2024-12-29_08-26-10
Julia,4,29.55837917327881,514.26171875,2024-12-29_08-26-10
Julia,5,29.56257724761963,511.04296875,2024-12-29_08-26-10
Julia,6,29.760241985321045,511.62890625,2024-12-29_08-26-10
Julia,7,29.460535049438477,510.94140625,2024-12-29_08-26-10
Julia,8,30.05984592437744,514.3515625,2024-12-29_08-26-10
Julia,9,29.756442308425903,513.984375,2024-12-29_08-26-10
Julia,10,29.96255898475647,513.5,2024-12-29_08-26-10
Julia,11,29.55628514289856,513.88671875,2024-12-29_08-26-10
Julia,12,29.051340341567993,513.23046875,2024-12-29_08-26-10
Julia,13,29.357175827026367,513.54296875,2024-12-29_08-26-10
Julia,14,29.35382390022278,514.2421875,2024-12-29_08-26-10
Julia,15,29.365701913833618,513.1328125,2024-12-29_08-26-10
Julia,16,29.35370421409607,510.61328125,2024-12-29_08-26-10
Julia,17,29.65617346763611,512.984375,2024-12-29_08-26-10
Julia,18,29.556705236434937,512.31640625,2024-12-29_08-26-10
Julia,19,29.55679225921631,513.12890625,2024-12-29_08-26-10
Julia,20,29.76123309135437,513.60546875,2024-12-29_08-26-10
Julia,21,29.5573251247406,511.2421875,2024-12-29_08-26-10
Julia,22,29.456273794174194,510.734375,2024-12-29_08-26-10
Julia,23,29.8604998588562,511.29296875,2024-12-29_08-26-10
Julia,24,29.857743978500366,513.41796875,2024-12-29_08-26-10
Julia,25,29.657430171966553,514.41015625,2024-12-29_08-26-10
Julia,26,29.660877466201782,513.08203125,2024-12-29_08-26-10
Julia,27,29.556188106536865,510.82421875,2024-12-29_08-26-10
Julia,28,29.858028888702393,511.72265625,2024-12-29_08-26-10
Julia,29,29.761013507843018,513.59375,2024-12-29_08-26-10
Julia,30,29.857187747955322,512.6953125,2024-12-29_08-26-10
Julia,31,29.767747402191162,513.19921875,2024-12-29_08-26-10
Julia,32,29.75704598426819,510.6953125,2024-12-29_08-26-10
Julia,33,29.555373668670654,510.6484375,2024-12-29_08-26-10
Julia,34,29.456042766571045,512.5546875,2024-12-29_08-26-10
Julia,35,29.253668546676636,510.34375,2024-12-29_08-26-10
Julia,36,29.555652618408203,513.0,2024-12-29_08-26-10
Julia,37,29.253746032714844,513.71875,2024-12-29_08-26-10
Julia,38,29.553122520446777,513.484375,2024-12-29_08-26-10
Julia,39,29.251423120498657,511.33203125,2024-12-29_08-26-10
Julia,40,29.863893032073975,513.4453125,2024-12-29_08-26-10
Julia,41,29.45661234855652,510.81640625,2024-12-29_08-26-10
Julia,42,29.556739807128906,510.80078125,2024-12-29_08-26-10
Julia,43,29.65492582321167,513.39453125,2024-12-29_08-26-10
Julia,44,29.366483211517334,511.3984375,2024-12-29_08-26-10
Julia,45,29.456598043441772,513.9296875,2024-12-29_08-26-10
Julia,46,29.569870233535767,512.5625,2024-12-29_08-26-10
Julia,47,29.15351676940918,510.6796875,2024-12-29_08-26-10
Julia,48,29.960203409194946,513.3671875,2024-12-29_08-26-10
Julia,49,29.959183931350708,514.13671875,2024-12-29_08-26-10
Julia,50,29.45486307144165,513.04296875,2024-12-29_08-26-10
Julia,51,29.959671020507812,511.375,2024-12-29_08-26-10
Julia,52,29.757562398910522,513.5703125,2024-12-29_08-26-10
Julia,53,29.7570161819458,512.07421875,2024-12-29_08-26-10
Julia,54,29.359903812408447,513.25,2024-12-29_08-26-10
Julia,55,29.2557110786438,512.5859375,2024-12-29_08-26-10
Julia,56,29.152926445007324,513.63671875,2024-12-29_08-26-10
Julia,57,29.15294885635376,512.93359375,2024-12-29_08-26-10
Julia,58,29.558172464370728,513.39453125,2024-12-29_08-26-10
Julia,59,29.16545057296753,510.5546875,2024-12-29_08-26-10
Julia,60,29.55516290664673,513.046875,2024-12-29_08-26-10
Julia,61,29.46563982963562,513.5078125,2024-12-29_08-26-10
Julia,62,29.354485511779785,513.43359375,2024-12-29_08-26-10
Julia,63,29.467543840408325,513.875,2024-12-29_08-26-10
Julia,64,29.555813550949097,511.015625,2024-12-29_08-26-10
Julia,65,29.468250274658203,511.375,2024-12-29_08-26-10
Julia,66,29.355520248413086,513.4375,2024-12-29_08-26-10
Julia,67,29.253536224365234,511.0859375,2024-12-29_08-26-10
Julia,68,29.655420064926147,511.0546875,2024-12-29_08-26-10
Julia,69,29.355643272399902,512.890625,2024-12-29_08-26-10
Julia,70,30.060786962509155,513.765625,2024-12-29_08-26-10
Julia,71,29.55840826034546,510.83203125,2024-12-29_08-26-10
Julia,72,29.8600013256073,513.8125,2024-12-29_08-26-10
Julia,73,29.757410049438477,513.8515625,2024-12-29_08-26-10
Julia,74,29.456928253173828,513.49609375,2024-12-29_08-26-10
Julia,75,29.458365440368652,513.0703125,2024-12-29_08-26-10
Julia,76,29.25594973564148,513.82421875,2024-12-29_08-26-10
Julia,77,29.666915893554688,510.99609375,2024-12-29_08-26-10
Julia,78,29.86009120941162,511.21875,2024-12-29_08-26-10
Julia,79,29.653825759887695,510.8359375,2024-12-29_08-26-10
Julia,80,29.252651929855347,513.296875,2024-12-29_08-26-10
Julia,81,30.160812616348267,510.6015625,2024-12-29_08-26-10
Julia,82,29.858811616897583,511.26953125,2024-12-29_08-26-10
Julia,83,29.051692724227905,512.1640625,2024-12-29_08-26-10
Julia,84,29.657939672470093,510.75390625,2024-12-29_08-26-10
Julia,85,28.967864751815796,513.109375,2024-12-29_08-26-10
Julia,86,29.95848846435547,511.921875,2024-12-29_08-26-10
Julia,87,29.25206160545349,511.67578125,2024-12-29_08-26-10
Julia,88,29.25601863861084,512.83984375,2024-12-29_08-26-10
Julia,89,29.95663571357727,511.2109375,2024-12-29_08-26-10
Julia,90,29.557169914245605,514.78125,2024-12-29_08-26-10
Julia,91,29.861451148986816,513.97265625,2024-12-29_08-26-10
Julia,92,29.451764822006226,512.75,2024-12-29_08-26-10
Julia,93,29.25146222114563,511.1640625,2024-12-29_08-26-10
Julia,94,29.757510900497437,510.8671875,2024-12-29_08-26-10
Julia,95,29.557031631469727,514.72265625,2024-12-29_08-26-10
Julia,96,29.154452800750732,511.375,2024-12-29_08-26-10
Julia,97,29.457019567489624,510.328125,2024-12-29_08-26-10
Julia,98,29.659546852111816,512.97265625,2024-12-29_08-26-10
Julia,99,29.26442837715149,511.55078125,2024-12-29_08-26-10
Julia,100,29.558469533920288,513.3125,2024-12-29_08-26-10
Julia,101,29.45791006088257,513.42578125,2024-12-29_08-26-10
Julia,102,29.050760984420776,510.7421875,2024-12-29_08-26-10
Julia,103,28.952563047409058,512.2890625,2024-12-29_08-26-10
Julia,104,29.75828218460083,510.609375,2024-12-29_08-26-10
Julia,105,29.763318300247192,513.52734375,2024-12-29_08-26-10
Julia,106,29.454280376434326,510.82421875,2024-12-29_08-26-10
Julia,107,29.65622901916504,513.43359375,2024-12-29_08-26-10
Julia,108,29.558260679244995,513.8828125,2024-12-29_08-26-10
Julia,109,29.5699622631073,513.15234375,2024-12-29_08-26-10
Julia,110,29.561106204986572,511.08203125,2024-12-29_08-26-10
Julia,111,29.35491704940796,513.33984375,2024-12-29_08-26-10
Julia,112,29.251761436462402,511.8515625,2024-12-29_08-26-10
Julia,113,29.04838991165161,511.1328125,2024-12-29_08-26-10
Julia,114,29.157180547714233,513.27734375,2024-12-29_08-26-10
Julia,115,29.250723600387573,511.3828125,2024-12-29_08-26-10
Julia,116,29.555230617523193,510.89453125,2024-12-29_08-26-10
Julia,117,29.65716290473938,513.71484375,2024-12-29_08-26-10
Julia,118,29.2508327960968,513.08203125,2024-12-29_08-26-10
Julia,119,29.858717679977417,512.19921875,2024-12-29_08-26-10
Julia,120,29.658604621887207,513.41796875,2024-12-29_08-26-10
Julia,121,29.65615153312683,511.16796875,2024-12-29_08-26-10
Julia,122,29.45504093170166,512.85546875,2024-12-29_08-26-10
Julia,123,29.55464506149292,513.32421875,2024-12-29_08-26-10
Julia,124,29.352123737335205,513.2578125,2024-12-29_08-26-10
Julia,125,29.25325322151184,512.9765625,2024-12-29_08-26-10
Julia,126,29.355735540390015,511.4140625,2024-12-29_08-26-10
Julia,127,29.959426403045654,510.9453125,2024-12-29_08-26-10
Julia,128,29.859804153442383,511.53125,2024-12-29_08-26-10
Julia,129,29.65942645072937,510.53125,2024-12-29_08-26-10
Julia,130,29.55730438232422,513.02734375,2024-12-29_08-26-10
Julia,131,30.062731742858887,513.75,2024-12-29_08-26-10
Julia,132,29.858925819396973,513.3046875,2024-12-29_08-26-10
Julia,133,29.254962921142578,510.84375,2024-12-29_08-26-10
Julia,134,29.050546646118164,510.9765625,2024-12-29_08-26-10
Julia,135,29.35443949699402,513.2265625,2024-12-29_08-26-10
Julia,136,29.556371688842773,511.10546875,2024-12-29_08-26-10
Julia,137,29.759304761886597,511.1875,2024-12-29_08-26-10
Julia,138,29.553783655166626,513.11328125,2024-12-29_08-26-10
Julia,139,29.653895378112793,513.6796875,2024-12-29_08-26-10
Julia,140,29.352537870407104,513.27734375,2024-12-29_08-26-10
Julia,141,29.253654718399048,513.01171875,2024-12-29_08-26-10
Julia,142,29.15083384513855,513.3828125,2024-12-29_08-26-10
Julia,143,29.154099941253662,513.109375,2024-12-29_08-26-10
Julia,144,29.053694248199463,511.640625,2024-12-29_08-26-10
Julia,145,29.357945203781128,512.5234375,2024-12-29_08-26-10
Julia,146,29.45599865913391,511.76171875,2024-12-29_08-26-10
Julia,147,29.25951623916626,512.984375,2024-12-29_08-26-10
Julia,148,29.357650995254517,513.12890625,2024-12-29_08-26-10
Julia,149,29.56450057029724,510.17578125,2024-12-29_08-26-10
Julia,150,29.666269302368164,510.73046875,2024-12-29_08-26-10
Julia,151,29.659773349761963,511.5859375,2024-12-29_08-26-10
Julia,152,29.35347294807434,511.28515625,2024-12-29_08-26-10
Julia,153,29.562734127044678,513.640625,2024-12-29_08-26-10
Julia,154,29.356966018676758,513.11328125,2024-12-29_08-26-10
Julia,155,29.14744257926941,510.828125,2024-12-29_08-26-10
Julia,156,29.25007653236389,511.12109375,2024-12-29_08-26-10
Julia,157,29.36687207221985,510.76171875,2024-12-29_08-26-10
Julia,158,29.154909133911133,512.80078125,2024-12-29_08-26-10
Julia,159,29.557518482208252,510.92578125,2024-12-29_08-26-10
Julia,160,29.85773277282715,511.5546875,2024-12-29_08-26-10
Julia,161,29.45814561843872,511.3671875,2024-12-29_08-26-10
Julia,162,29.256970405578613,513.54296875,2024-12-29_08-26-10
Julia,163,29.254302978515625,510.546875,2024-12-29_08-26-10
Julia,164,29.456473350524902,513.47265625,2024-12-29_08-26-10
Julia,165,29.353389739990234,511.00390625,2024-12-29_08-26-10
Julia,166,29.457091569900513,510.72265625,2024-12-29_08-26-10
Julia,167,29.261367559432983,513.25,2024-12-29_08-26-10
Julia,168,29.25476598739624,511.4375,2024-12-29_08-26-10
Julia,169,29.353050231933594,510.953125,2024-12-29_08-26-10
Julia,170,29.35511875152588,513.3515625,2024-12-29_08-26-10
Julia,171,29.6563777923584,514.51171875,2024-12-29_08-26-10
Julia,172,29.557941436767578,510.83984375,2024-12-29_08-26-10
Julia,173,29.358258485794067,512.97265625,2024-12-29_08-26-10
Julia,174,29.152632474899292,510.50390625,2024-12-29_08-26-10
Julia,175,29.15748357772827,513.29296875,2024-12-29_08-26-10
Julia,176,29.153119802474976,513.8828125,2024-12-29_08-26-10
Julia,177,29.36038088798523,512.890625,2024-12-29_08-26-10
Julia,178,29.95836353302002,511.27734375,2024-12-29_08-26-10
Julia,179,29.355875253677368,514.19140625,2024-12-29_08-26-10
Julia,180,29.75738525390625,513.328125,2024-12-29_08-26-10
Julia,181,29.558809757232666,510.828125,2024-12-29_08-26-10
Julia,182,29.457420110702515,512.75,2024-12-29_08-26-10
Julia,183,29.353658437728882,513.4765625,2024-12-29_08-26-10
Julia,184,29.353094577789307,510.75390625,2024-12-29_08-26-10
Julia,185,29.053913831710815,512.88671875,2024-12-29_08-26-10
Julia,186,29.763710975646973,513.109375,2024-12-29_08-26-10
Julia,187,28.856753826141357,513.3125,2024-12-29_08-26-10
Julia,188,29.253172636032104,513.28125,2024-12-29_08-26-10
Julia,189,29.459712028503418,512.375,2024-12-29_08-26-10
Julia,190,30.06220006942749,512.0390625,2024-12-29_08-26-10
Julia,191,29.55555009841919,513.109375,2024-12-29_08-26-10
Julia,192,29.35639977455139,511.40625,2024-12-29_08-26-10
Julia,193,29.053550004959106,513.67578125,2024-12-29_08-26-10
Julia,194,30.061413288116455,515.01171875,2024-12-29_08-26-10
Julia,195,29.15764617919922,512.75,2024-12-29_08-26-10
Julia,196,29.469945669174194,516.5703125,2024-12-29_08-26-10
Julia,197,29.354599237442017,512.390625,2024-12-29_08-26-10
Julia,198,29.46455717086792,515.1484375,2024-12-29_08-26-10
Julia,199,29.152506589889526,512.82421875,2024-12-29_08-26-10
Julia,200,29.555604696273804,510.703125,2024-12-29_08-26-10
R,1,64.57035851478577,190.8671875,2024-12-29_08-26-10
R,2,63.26150631904602,190.63671875,2024-12-29_08-26-10
R,3,62.45636439323425,191.1640625,2024-12-29_08-26-10
R,4,62.767064332962036,190.75390625,2024-12-29_08-26-10
R,5,62.55842113494873,191.02734375,2024-12-29_08-26-10
R,6,62.45706033706665,191.015625,2024-12-29_08-26-10
R,7,62.57287240028381,190.86328125,2024-12-29_08-26-10
R,8,63.05646800994873,191.08984375,2024-12-29_08-26-10
R,9,62.75699496269226,191.05859375,2024-12-29_08-26-10
R,10,62.551907539367676,190.91015625,2024-12-29_08-26-10
R,11,62.45374917984009,190.9921875,2024-12-29_08-26-10
R,12,62.66323184967041,191.0625,2024-12-29_08-26-10
R,13,62.569504261016846,190.984375,2024-12-29_08-26-10
R,14,63.36417031288147,191.16015625,2024-12-29_08-26-10
R,15,62.46392846107483,190.8671875,2024-12-29_08-26-10
R,16,62.250393867492676,190.78125,2024-12-29_08-26-10
R,17,62.678372383117676,191.00390625,2024-12-29_08-26-10
R,18,62.763118505477905,191.0625,2024-12-29_08-26-10
R,19,63.062265396118164,190.94140625,2024-12-29_08-26-10
R,20,62.86273407936096,190.8671875,2024-12-29_08-26-10
R,21,63.15500521659851,191.19921875,2024-12-29_08-26-10
R,22,62.443538188934326,190.83984375,2024-12-29_08-26-10
R,23,62.6690354347229,190.90625,2024-12-29_08-26-10
R,24,62.45373582839966,190.734375,2024-12-29_08-26-10
R,25,62.66827058792114,191.02734375,2024-12-29_08-26-10
R,26,62.958221197128296,190.8125,2024-12-29_08-26-10
R,27,62.45671820640564,190.68359375,2024-12-29_08-26-10
R,28,62.867753982543945,190.8203125,2024-12-29_08-26-10
R,29,62.4523823261261,190.92578125,2024-12-29_08-26-10
R,30,63.07182741165161,190.99609375,2024-12-29_08-26-10
R,31,62.553102254867554,190.88671875,2024-12-29_08-26-10
R,32,62.65921425819397,190.96484375,2024-12-29_08-26-10
R,33,62.66359066963196,191.09375,2024-12-29_08-26-10
R,34,62.456865549087524,191.0546875,2024-12-29_08-26-10
R,35,62.660582304000854,191.04296875,2024-12-29_08-26-10
R,36,63.05430030822754,190.9453125,2024-12-29_08-26-10
R,37,62.564228773117065,190.9140625,2024-12-29_08-26-10
R,38,62.65106678009033,191.01171875,2024-12-29_08-26-10
R,39,63.1527681350708,190.9609375,2024-12-29_08-26-10
R,40,62.565800189971924,190.91796875,2024-12-29_08-26-10
R,41,62.3541305065155,190.9296875,2024-12-29_08-26-10
R,42,63.05318093299866,191.015625,2024-12-29_08-26-10
R,43,63.05354642868042,190.94140625,2024-12-29_08-26-10
R,44,62.75710654258728,190.95703125,2024-12-29_08-26-10
R,45,62.85777449607849,190.8203125,2024-12-29_08-26-10
R,46,62.35217547416687,190.890625,2024-12-29_08-26-10
R,47,62.65737700462341,190.98046875,2024-12-29_08-26-10
R,48,62.85544180870056,190.6640625,2024-12-29_08-26-10
R,49,63.1580536365509,191.04296875,2024-12-29_08-26-10
R,50,62.55649137496948,190.953125,2024-12-29_08-26-10
R,51,62.557613134384155,190.796875,2024-12-29_08-26-10
R,52,62.44996738433838,190.98828125,2024-12-29_08-26-10
R,53,62.15054678916931,190.76953125,2024-12-29_08-26-10
R,54,62.35971713066101,190.86328125,2024-12-29_08-26-10
R,55,63.360572814941406,191.140625,2024-12-29_08-26-10
R,56,63.25834321975708,191.03515625,2024-12-29_08-26-10
R,57,62.65922665596008,190.7421875,2024-12-29_08-26-10
R,58,62.85873484611511,190.96484375,2024-12-29_08-26-10
R,59,62.654348373413086,190.66796875,2024-12-29_08-26-10
R,60,62.757209062576294,190.90625,2024-12-29_08-26-10
R,61,62.969292879104614,190.86328125,2024-12-29_08-26-10
R,62,62.3547260761261,190.83984375,2024-12-29_08-26-10
R,63,62.452110290527344,190.94921875,2024-12-29_08-26-10
R,64,62.364733934402466,190.83203125,2024-12-29_08-26-10
R,65,62.35276699066162,191.10546875,2024-12-29_08-26-10
R,66,62.5531210899353,190.6328125,2024-12-29_08-26-10
R,67,63.055413246154785,190.9609375,2024-12-29_08-26-10
R,68,63.362109661102295,191.140625,2024-12-29_08-26-10
R,69,71.67085146903992,190.703125,2024-12-29_08-26-10
R,70,63.16200351715088,190.859375,2024-12-29_08-26-10
R,71,64.17270731925964,190.59765625,2024-12-29_08-26-10
R,72,90.54257869720459,190.35546875,2024-12-29_08-26-10
R,73,77.90253949165344,190.5625,2024-12-29_08-26-10
R,74,83.1063289642334,190.81640625,2024-12-29_08-26-10
R,75,83.59498834609985,190.47265625,2024-12-29_08-26-10
R,76,79.5649311542511,190.7265625,2024-12-29_08-26-10
R,77,82.07784175872803,190.48828125,2024-12-29_08-26-10
R,78,85.00632905960083,190.5078125,2024-12-29_08-26-10
R,79,76.07666969299316,190.75390625,2024-12-29_08-26-10
R,80,73.85137557983398,190.62890625,2024-12-29_08-26-10
R,81,83.94886207580566,190.8359375,2024-12-29_08-26-10
R,82,74.76101183891296,190.80859375,2024-12-29_08-26-10
R,83,76.90611839294434,190.60546875,2024-12-29_08-26-10
R,84,76.3822271823883,190.71875,2024-12-29_08-26-10
R,85,81.52780771255493,190.83203125,2024-12-29_08-26-10
R,86,80.97277331352234,190.421875,2024-12-29_08-26-10
R,87,83.39428281784058,190.34765625,2024-12-29_08-26-10
R,88,114.02577519416809,190.75,2024-12-29_08-26-10
R,89,110.32117962837219,190.5,2024-12-29_08-26-10
R,90,105.66307520866394,190.42578125,2024-12-29_08-26-10
R,91,93.82176947593689,190.66015625,2024-12-29_08-26-10
R,92,85.64636445045471,190.62109375,2024-12-29_08-26-10
R,93,95.32339382171631,190.765625,2024-12-29_08-26-10
R,94,78.00014138221741,190.86328125,2024-12-29_08-26-10
R,95,79.54146647453308,190.7734375,2024-12-29_08-26-10
R,96,82.98865485191345,190.7421875,2024-12-29_08-26-10
R,97,88.3813259601593,190.63671875,2024-12-29_08-26-10
R,98,114.94346380233765,190.671875,2024-12-29_08-26-10
R,99,87.18857979774475,190.578125,2024-12-29_08-26-10
R,100,85.01118612289429,190.5546875,2024-12-29_08-26-10
R,101,85.44492697715759,190.57421875,2024-12-29_08-26-10
R,102,75.80195188522339,190.90234375,2024-12-29_08-26-10
R,103,88.8968596458435,190.5234375,2024-12-29_08-26-10
R,104,104.73743009567261,190.9375,2024-12-29_08-26-10
R,105,108.2270679473877,190.73046875,2024-12-29_08-26-10
R,106,101.2736701965332,190.62109375,2024-12-29_08-26-10
R,107,132.71522784233093,190.67578125,2024-12-29_08-26-10
R,108,113.48221826553345,190.58203125,2024-12-29_08-26-10
R,109,80.4685537815094,190.89453125,2024-12-29_08-26-10
R,110,86.74340558052063,190.76171875,2024-12-29_08-26-10
R,111,93.79764199256897,190.6171875,2024-12-29_08-26-10
R,112,86.33449959754944,190.6328125,2024-12-29_08-26-10
R,113,100.03845357894897,190.6640625,2024-12-29_08-26-10
R,114,86.85970163345337,190.47265625,2024-12-29_08-26-10
R,115,83.28035259246826,190.16796875,2024-12-29_08-26-10
R,116,85.57975840568542,190.53515625,2024-12-29_08-26-10
R,117,95.89544081687927,190.5703125,2024-12-29_08-26-10
R,118,82.6804678440094,190.60546875,2024-12-29_08-26-10
R,119,87.15997457504272,190.73046875,2024-12-29_08-26-10
R,120,81.38079071044922,190.52734375,2024-12-29_08-26-10
R,121,66.9078209400177,190.6640625,2024-12-29_08-26-10
R,122,62.8534209728241,190.92578125,2024-12-29_08-26-10
R,123,76.52534508705139,190.66015625,2024-12-29_08-26-10
R,124,103.83245372772217,190.2265625,2024-12-29_08-26-10
R,125,70.4412579536438,190.8515625,2024-12-29_08-26-10
R,126,62.75993871688843,190.734375,2024-12-29_08-26-10
R,127,63.06102657318115,190.84765625,2024-12-29_08-26-10
R,128,62.65497708320618,190.9609375,2024-12-29_08-26-10
R,129,62.66288495063782,190.97265625,2024-12-29_08-26-10
R,130,62.55340933799744,191.03125,2024-12-29_08-26-10
R,131,62.94754433631897,190.8359375,2024-12-29_08-26-10
R,132,63.658713817596436,191.03515625,2024-12-29_08-26-10
R,133,63.65901780128479,190.9140625,2024-12-29_08-26-10
R,134,63.5588104724884,190.91796875,2024-12-29_08-26-10
R,135,62.45360708236694,190.87109375,2024-12-29_08-26-10
R,136,62.857614040374756,190.83203125,2024-12-29_08-26-10
R,137,62.65631675720215,190.7421875,2024-12-29_08-26-10
R,138,63.55941200256348,191.08984375,2024-12-29_08-26-10
R,139,63.659528493881226,190.95703125,2024-12-29_08-26-10
R,140,72.36508107185364,190.59765625,2024-12-29_08-26-10
R,141,81.97468638420105,190.69921875,2024-12-29_08-26-10
R,142,77.1204731464386,190.7890625,2024-12-29_08-26-10
R,143,91.83931922912598,190.80078125,2024-12-29_08-26-10
R,144,89.3879029750824,190.234375,2024-12-29_08-26-10
R,145,85.43149137496948,190.56640625,2024-12-29_08-26-10
R,146,85.04077172279358,190.84375,2024-12-29_08-26-10
R,147,84.4304039478302,190.50390625,2024-12-29_08-26-10
R,148,85.21086621284485,190.6328125,2024-12-29_08-26-10
R,149,86.13998222351074,190.57421875,2024-12-29_08-26-10
R,150,79.15639996528625,190.7109375,2024-12-29_08-26-10
R,151,83.1011917591095,190.5703125,2024-12-29_08-26-10
R,152,79.34759783744812,190.75390625,2024-12-29_08-26-10
R,153,82.67435789108276,190.375,2024-12-29_08-26-10
R,154,83.19683122634888,190.50390625,2024-12-29_08-26-10
R,155,80.64967751502991,190.6640625,2024-12-29_08-26-10
R,156,78.8286383152008,190.54296875,2024-12-29_08-26-10
R,157,79.32972550392151,190.546875,2024-12-29_08-26-10
R,158,73.97937393188477,190.4453125,2024-12-29_08-26-10
R,159,69.42224621772766,190.94921875,2024-12-29_08-26-10
R,160,63.06418466567993,190.6875,2024-12-29_08-26-10
R,161,63.77120327949524,191.0,2024-12-29_08-26-10
R,162,66.29416990280151,190.8671875,2024-12-29_08-26-10
R,163,65.38221049308777,191.01171875,2024-12-29_08-26-10
R,164,68.12802171707153,190.9765625,2024-12-29_08-26-10
R,165,69.83227968215942,190.765625,2024-12-29_08-26-10
R,166,70.65674805641174,190.953125,2024-12-29_08-26-10
R,167,62.65664720535278,190.96875,2024-12-29_08-26-10
R,168,62.95341515541077,191.1171875,2024-12-29_08-26-10
R,169,63.55282664299011,191.03515625,2024-12-29_08-26-10
R,170,62.860995292663574,190.90625,2024-12-29_08-26-10
R,171,62.56121826171875,191.09375,2024-12-29_08-26-10
R,172,62.36242628097534,190.80078125,2024-12-29_08-26-10
R,173,62.85513687133789,190.80859375,2024-12-29_08-26-10
R,174,62.85355353355408,190.94140625,2024-12-29_08-26-10
R,175,62.75533366203308,190.8671875,2024-12-29_08-26-10
R,176,63.25546956062317,190.96875,2024-12-29_08-26-10
R,177,62.751198530197144,190.83984375,2024-12-29_08-26-10
R,178,62.76382350921631,190.81640625,2024-12-29_08-26-10
R,179,62.95163154602051,190.91015625,2024-12-29_08-26-10
R,180,62.96532583236694,190.94140625,2024-12-29_08-26-10
R,181,63.25418448448181,190.734375,2024-12-29_08-26-10
R,182,62.75405550003052,190.890625,2024-12-29_08-26-10
R,183,63.15752077102661,190.96484375,2024-12-29_08-26-10
R,184,62.854143381118774,190.89453125,2024-12-29_08-26-10
R,185,62.34507727622986,190.98828125,2024-12-29_08-26-10
R,186,63.158591747283936,190.828125,2024-12-29_08-26-10
R,187,62.661463499069214,191.0859375,2024-12-29_08-26-10
R,188,63.35838603973389,191.15625,2024-12-29_08-26-10
R,189,63.059967041015625,190.75390625,2024-12-29_08-26-10
R,190,62.86973333358765,190.8828125,2024-12-29_08-26-10
R,191,62.9691162109375,190.859375,2024-12-29_08-26-10
R,192,62.96315264701843,190.80859375,2024-12-29_08-26-10
R,193,62.56473255157471,190.83984375,2024-12-29_08-26-10
R,194,62.251919984817505,190.92578125,2024-12-29_08-26-10
R,195,62.24273157119751,191.07421875,2024-12-29_08-26-10
R,196,62.34751749038696,190.80859375,2024-12-29_08-26-10
R,197,63.07138705253601,190.921875,2024-12-29_08-26-10
R,198,62.76370549201965,190.83203125,2024-12-29_08-26-10
R,199,62.84867191314697,190.8046875,2024-12-29_08-26-10
R,200,63.35712289810181,191.1015625,2024-12-29_08-26-10
